{
  "vtex.menu@2.x:menu#category-menu": {
    "props": {
      "experimentalOptimizeRendering": true
    },
    "children": [
      "menu#submenu-header-mobile"
    ]
  },
  "menu-item#category-apparel-clothing": {
    "props": {
      "id": "menu-item-category-apparel-clothing",
      "type": "custom",
      "iconId": null,
      "highlight": false,
      "itemProps": {
        "type": "internal",
        "href": "/apparel---accessories/clothing/",
        "noFollow": false,
        "tagTitle": "Clothing & Accessories",
        "text": "Clothing & Accessories"
      }
    }
  },
  "menu-item#category-apparel-accessories": {
    "props": {
      "id": "menu-item-category-apparel-accessories",
      "type": "custom",
      "iconId": null,
      "highlight": false,
      "itemProps": {
        "type": "internal",
        "href": "/apparel---accessories/accessories/",
        "noFollow": false,
        "tagTitle": "Accessories",
        "text": "Accessories"
      }
    }
  },
  "menu-item#category-apparel-eyeglasses": {
    "props": {
      "id": "menu-item-category-apparel-eyeglasses",
      "type": "custom",
      "iconId": null,
      "highlight": false,
      "itemProps": {
        "type": "internal",
        "href": "/apparel---accessories/eyeglasses/",
        "noFollow": false,
        "tagTitle": "Eyeglasses",
        "text": "Eyeglasses"
      }
    }
  }
}
